{"document":{"pageListHeight":85,"pageListCollapsed":0},"FE7DA4B3-183F-40FA-8AB6-01F82A3EC6D1":{"scrollOrigin":"{155, 14}","zoomValue":0.2204582896510409},"BAA8A96D-4828-4C87-BF6F-B5AA65C8A7B8":{"scrollOrigin":"{638, 254}","zoomValue":0.2760358342665173}}